{
    "accuracy": 0.5367589448942283,
    "precision": 0.5348379477758824,
    "recall": 0.9993870295451759,
    "f1_score": 0.6967819137569982
}